[
  {
    "id": "2bd776f1-b70e-4ed5-9853-741a68eda699",
    "data": [
      {
        "text": "i want to order food",
        "userDefined": false
      }
    ],
    "isTemplate": false,
    "count": 0,
    "lang": "en",
    "updated": 0
  },
  {
    "id": "acb66068-3f5e-4f91-bbcb-f3ed685362b3",
    "data": [
      {
        "text": "i would like to order food",
        "userDefined": false
      }
    ],
    "isTemplate": false,
    "count": 0,
    "lang": "en",
    "updated": 0
  },
  {
    "id": "803ba818-ffda-45ce-9a1d-ee35306a0f59",
    "data": [
      {
        "text": "i wanna order food",
        "userDefined": false
      }
    ],
    "isTemplate": false,
    "count": 0,
    "lang": "en",
    "updated": 0
  },
  {
    "id": "fba4797a-2a68-4077-9509-47d58c450c58",
    "data": [
      {
        "text": "i wanna order",
        "userDefined": false
      }
    ],
    "isTemplate": false,
    "count": 1,
    "lang": "en",
    "updated": 0
  },
  {
    "id": "7fe3f087-c6f8-442b-a109-df055bcf39d3",
    "data": [
      {
        "text": "order food",
        "userDefined": false
      }
    ],
    "isTemplate": false,
    "count": 0,
    "lang": "en",
    "updated": 0
  },
  {
    "id": "a7eb723f-2421-4a24-8c47-3e853d497cf2",
    "data": [
      {
        "text": "i want to order",
        "userDefined": false
      }
    ],
    "isTemplate": false,
    "count": 0,
    "lang": "en",
    "updated": 0
  },
  {
    "id": "67745555-7dd7-48d1-aebd-485f3d121ffe",
    "data": [
      {
        "text": "i would like to order",
        "userDefined": false
      }
    ],
    "isTemplate": false,
    "count": 0,
    "lang": "en",
    "updated": 0
  }
]