[
  {
    "id": "3d6fb0b3-fe9e-4ec5-aa34-52b36b53c889",
    "data": [
      {
        "text": "deserts",
        "userDefined": false
      }
    ],
    "isTemplate": false,
    "count": 0,
    "lang": "en",
    "updated": 0
  },
  {
    "id": "02152dab-44b9-40b1-8df7-a825dd6e4494",
    "data": [
      {
        "text": "i would like to order dessert",
        "userDefined": false
      }
    ],
    "isTemplate": false,
    "count": 0,
    "lang": "en",
    "updated": 0
  },
  {
    "id": "1e4c9156-4fbc-4d46-a97a-b3250bc644bb",
    "data": [
      {
        "text": "i want dessert",
        "userDefined": false
      }
    ],
    "isTemplate": false,
    "count": 0,
    "lang": "en",
    "updated": 0
  },
  {
    "id": "e3b80144-7c5c-4333-be10-a1b5b3e3ee17",
    "data": [
      {
        "text": "desert",
        "userDefined": false
      }
    ],
    "isTemplate": false,
    "count": 0,
    "lang": "en",
    "updated": 0
  },
  {
    "id": "534c7906-9c4d-4700-bdcb-1300ceefb158",
    "data": [
      {
        "text": "desserts",
        "userDefined": false
      }
    ],
    "isTemplate": false,
    "count": 1,
    "lang": "en",
    "updated": 0
  },
  {
    "id": "0b286b25-2ab1-4b48-8681-0df436334448",
    "data": [
      {
        "text": "dessert",
        "userDefined": false
      }
    ],
    "isTemplate": false,
    "count": 0,
    "lang": "en",
    "updated": 0
  }
]