[
  {
    "id": "ee431413-b4e6-4dce-9864-1aaadc7bc5d1",
    "data": [
      {
        "text": "i want drinks",
        "userDefined": false
      }
    ],
    "isTemplate": false,
    "count": 0,
    "lang": "en",
    "updated": 0
  },
  {
    "id": "171f5fca-b35c-4d2e-baca-fda67ae4c971",
    "data": [
      {
        "text": "i would like to order drinks",
        "userDefined": false
      }
    ],
    "isTemplate": false,
    "count": 1,
    "lang": "en",
    "updated": 0
  },
  {
    "id": "7cb21ae9-6a5a-465c-8f1c-0831c401ce95",
    "data": [
      {
        "text": "drink",
        "userDefined": false
      }
    ],
    "isTemplate": false,
    "count": 0,
    "lang": "en",
    "updated": 0
  },
  {
    "id": "4194899f-31f4-47e4-974f-75ed1cedfa6c",
    "data": [
      {
        "text": "drinks",
        "userDefined": false
      }
    ],
    "isTemplate": false,
    "count": 0,
    "lang": "en",
    "updated": 0
  }
]