[
  {
    "id": "50dcaea5-8101-42c2-baf7-e3df399b40f7",
    "data": [
      {
        "text": "sprite",
        "userDefined": false
      }
    ],
    "isTemplate": false,
    "count": 0,
    "lang": "en",
    "updated": 0
  },
  {
    "id": "f27be02a-1ade-4fc3-a6ed-a9c74de9f81d",
    "data": [
      {
        "text": "coke",
        "userDefined": false
      }
    ],
    "isTemplate": false,
    "count": 0,
    "lang": "en",
    "updated": 0
  },
  {
    "id": "045e1b9b-ba62-422e-b1b8-5cd6401071d9",
    "data": [
      {
        "text": "soda",
        "userDefined": false
      }
    ],
    "isTemplate": false,
    "count": 0,
    "lang": "en",
    "updated": 0
  },
  {
    "id": "f8b6a49f-d5ac-4bc6-87f2-4b81e90456b8",
    "data": [
      {
        "text": "mocktail",
        "userDefined": false
      }
    ],
    "isTemplate": false,
    "count": 0,
    "lang": "en",
    "updated": 0
  },
  {
    "id": "c0e26130-003f-4539-a887-f4d57403344a",
    "data": [
      {
        "text": "cookies",
        "userDefined": false
      }
    ],
    "isTemplate": false,
    "count": 0,
    "lang": "en",
    "updated": 0
  },
  {
    "id": "5b08a677-945f-43fd-aa8f-34099c982f94",
    "data": [
      {
        "text": "ice cream",
        "userDefined": false
      }
    ],
    "isTemplate": false,
    "count": 0,
    "lang": "en",
    "updated": 0
  },
  {
    "id": "85459e73-8538-427e-863d-0efb3efa47a9",
    "data": [
      {
        "text": "fries",
        "userDefined": false
      }
    ],
    "isTemplate": false,
    "count": 0,
    "lang": "en",
    "updated": 0
  },
  {
    "id": "4297f2c3-d2f3-472a-a917-3e992ea532fb",
    "data": [
      {
        "text": "fried rice",
        "userDefined": false
      }
    ],
    "isTemplate": false,
    "count": 0,
    "lang": "en",
    "updated": 0
  },
  {
    "id": "ec29d4df-a84a-44fe-8a6b-8514aa6587de",
    "data": [
      {
        "text": "tikki",
        "userDefined": false
      }
    ],
    "isTemplate": false,
    "count": 0,
    "lang": "en",
    "updated": 0
  },
  {
    "id": "e71590dc-8a50-465f-913f-006577be1d0c",
    "data": [
      {
        "text": "kebab",
        "userDefined": false
      }
    ],
    "isTemplate": false,
    "count": 0,
    "lang": "en",
    "updated": 0
  },
  {
    "id": "d8bea358-5cdf-4411-a054-a88c4a953f13",
    "data": [
      {
        "text": "meal",
        "userDefined": false
      }
    ],
    "isTemplate": false,
    "count": 0,
    "lang": "en",
    "updated": 0
  },
  {
    "id": "eb4c9036-d6e3-4e38-b46c-39210b515eab",
    "data": [
      {
        "text": "pizza",
        "userDefined": false
      }
    ],
    "isTemplate": false,
    "count": 0,
    "lang": "en",
    "updated": 0
  },
  {
    "id": "8117c84b-fbdb-4553-b445-47d1cd9d66f1",
    "data": [
      {
        "text": "burger",
        "userDefined": false
      }
    ],
    "isTemplate": false,
    "count": 0,
    "lang": "en",
    "updated": 0
  },
  {
    "id": "9972e25c-3fc6-4809-98d9-14a29dfd2727",
    "data": [
      {
        "text": "gulab jamun",
        "userDefined": false
      }
    ],
    "isTemplate": false,
    "count": 0,
    "lang": "en",
    "updated": 0
  },
  {
    "id": "2d8522ea-1419-4935-8c36-70d01df6e7bd",
    "data": [
      {
        "text": "sizzlers",
        "userDefined": false
      }
    ],
    "isTemplate": false,
    "count": 0,
    "lang": "en",
    "updated": 0
  },
  {
    "id": "b28ebb5c-1378-47c0-bcba-a09af84832dc",
    "data": [
      {
        "text": "paneer tikka",
        "userDefined": false
      }
    ],
    "isTemplate": false,
    "count": 0,
    "lang": "en",
    "updated": 0
  },
  {
    "id": "a3896d58-85e8-4865-925c-55bde4bb477f",
    "data": [
      {
        "text": "kulfi",
        "userDefined": false
      }
    ],
    "isTemplate": false,
    "count": 1,
    "lang": "en",
    "updated": 0
  },
  {
    "id": "e0d629c0-c9eb-4363-a8bc-b0921cdfae42",
    "data": [
      {
        "text": "curry",
        "userDefined": false
      }
    ],
    "isTemplate": false,
    "count": 0,
    "lang": "en",
    "updated": 0
  },
  {
    "id": "9913f0fd-8506-49f9-ba9b-9b4c6d08ca76",
    "data": [
      {
        "text": "butter chicken",
        "userDefined": false
      }
    ],
    "isTemplate": false,
    "count": 0,
    "lang": "en",
    "updated": 0
  },
  {
    "id": "a10769e8-560d-4008-873f-e9595d2bea6e",
    "data": [
      {
        "text": "roti",
        "userDefined": false
      }
    ],
    "isTemplate": false,
    "count": 0,
    "lang": "en",
    "updated": 0
  },
  {
    "id": "3c52380e-ed05-4f22-803a-8592a2712d1c",
    "data": [
      {
        "text": "naan",
        "userDefined": false
      }
    ],
    "isTemplate": false,
    "count": 0,
    "lang": "en",
    "updated": 0
  },
  {
    "id": "05158c26-c745-42cb-b751-77256b9f02d6",
    "data": [
      {
        "text": "biryani",
        "userDefined": false
      }
    ],
    "isTemplate": false,
    "count": 0,
    "lang": "en",
    "updated": 0
  }
]