[
  {
    "id": "36f95dbb-81d9-46b5-a65a-da877e163978",
    "data": [
      {
        "text": "two",
        "userDefined": false
      }
    ],
    "isTemplate": false,
    "count": 0,
    "lang": "en",
    "updated": 0
  },
  {
    "id": "b3226aae-1f29-4d16-853d-6c922b25c05c",
    "data": [
      {
        "text": "ii",
        "userDefined": false
      }
    ],
    "isTemplate": false,
    "count": 0,
    "lang": "en",
    "updated": 0
  },
  {
    "id": "3ae65f0a-79f9-4471-80bd-b2cb2fec6052",
    "data": [
      {
        "text": "2",
        "userDefined": false
      }
    ],
    "isTemplate": false,
    "count": 0,
    "lang": "en",
    "updated": 0
  },
  {
    "id": "0c7a6abb-0bcd-4524-b60d-5b3fabfb4334",
    "data": [
      {
        "text": "main courses",
        "userDefined": false
      }
    ],
    "isTemplate": false,
    "count": 0,
    "lang": "en",
    "updated": 0
  },
  {
    "id": "42d2dd0e-bde2-4a33-8e84-dcf0fb929bde",
    "data": [
      {
        "text": "i want main course",
        "userDefined": false
      }
    ],
    "isTemplate": false,
    "count": 0,
    "lang": "en",
    "updated": 0
  },
  {
    "id": "05083c3b-a03b-42a2-90a3-6dce75275c84",
    "data": [
      {
        "text": "mains",
        "userDefined": false
      }
    ],
    "isTemplate": false,
    "count": 0,
    "lang": "en",
    "updated": 0
  },
  {
    "id": "59371903-f788-408f-9859-4ad2693212bc",
    "data": [
      {
        "text": "main course",
        "userDefined": false
      }
    ],
    "isTemplate": false,
    "count": 0,
    "lang": "en",
    "updated": 0
  }
]