[
  {
    "id": "e9b091a6-f415-486f-9dbf-3e54cfacd92b",
    "data": [
      {
        "text": "i",
        "userDefined": false
      }
    ],
    "isTemplate": false,
    "count": 0,
    "lang": "en",
    "updated": 0
  },
  {
    "id": "294e9eda-e4a7-4ed3-ba07-b24c0c702e25",
    "data": [
      {
        "text": "1",
        "userDefined": false
      }
    ],
    "isTemplate": false,
    "count": 0,
    "lang": "en",
    "updated": 0
  },
  {
    "id": "4e4aafdf-e4f1-467f-9bba-7a84d7df1dd3",
    "data": [
      {
        "text": "one",
        "userDefined": false
      }
    ],
    "isTemplate": false,
    "count": 0,
    "lang": "en",
    "updated": 0
  },
  {
    "id": "13b62b81-c72d-47a2-aff3-d136036d8bc5",
    "data": [
      {
        "text": "i would like to have starters",
        "userDefined": false
      }
    ],
    "isTemplate": false,
    "count": 0,
    "lang": "en",
    "updated": 0
  },
  {
    "id": "61d39389-490f-4f11-a048-4eee7e14d9fc",
    "data": [
      {
        "text": "starters please",
        "userDefined": false
      }
    ],
    "isTemplate": false,
    "count": 0,
    "lang": "en",
    "updated": 0
  },
  {
    "id": "dea5d6de-8653-423f-9fc5-3631eb2a8a26",
    "data": [
      {
        "text": "entrée",
        "userDefined": false
      }
    ],
    "isTemplate": false,
    "count": 0,
    "lang": "en",
    "updated": 0
  },
  {
    "id": "adac9e7e-00fe-4e16-8fea-c5baf89365fe",
    "data": [
      {
        "text": "entrées",
        "userDefined": false
      }
    ],
    "isTemplate": false,
    "count": 0,
    "lang": "en",
    "updated": 0
  },
  {
    "id": "6e7822b2-3aea-489a-b572-a10a701cc86e",
    "data": [
      {
        "text": "starters",
        "userDefined": false
      }
    ],
    "isTemplate": false,
    "count": 0,
    "lang": "en",
    "updated": 0
  },
  {
    "id": "da0a8aab-3692-45e1-96c8-09240f553450",
    "data": [
      {
        "text": "starter",
        "userDefined": false
      }
    ],
    "isTemplate": false,
    "count": 0,
    "lang": "en",
    "updated": 0
  }
]